{
  "UserId": "0",
  "SliderValue": 0.7830004096031189,
  "Score": "5685",
  "Houses": [
    {
      "Position": {
        "x": -0.4907410144805908,
        "y": 1.2222224473953247,
        "z": 0
      },
      "Rotation": {
        "x": 0,
        "y": 0,
        "z": -0.17364859580993652,
        "w": 0.9848077297210693
      }
    },
    {
      "Position": {
        "x": -1.2870367765426636,
        "y": -1.3518518209457397,
        "z": 0
      },
      "Rotation": {
        "x": 0,
        "y": 0,
        "z": 0,
        "w": 1
      }
    },
    {
      "Position": {
        "x": -3.0833334922790527,
        "y": 0.981481671333313,
        "z": 0
      },
      "Rotation": {
        "x": 0,
        "y": 0,
        "z": -0.17364859580993652,
        "w": 0.9848077297210693
      }
    },
    {
      "Position": {
        "x": 1.9166669845581055,
        "y": -1.5370368957519531,
        "z": 0
      },
      "Rotation": {
        "x": 0,
        "y": 0,
        "z": 0.37460753321647644,
        "w": 0.9271835088729858
      }
    }
  ],
  "timestamp": "2025-04-26T23:50:47.038Z"
}