{
  "UserId": "2",
  "SliderValue": 0,
  "Score": "3002",
  "Houses": [
    {
      "Position": {
        "x": -2.249999761581421,
        "y": 1.3518518209457397,
        "z": 0
      },
      "Rotation": {
        "x": 0,
        "y": 0,
        "z": -0.08715595304965973,
        "w": 0.9961947202682495
      }
    },
    {
      "Position": {
        "x": -3.3981480598449707,
        "y": -1.4814815521240234,
        "z": 0
      },
      "Rotation": {
        "x": 0,
        "y": 0,
        "z": -0.08715595304965973,
        "w": 0.9961947202682495
      }
    }
  ],
  "timestamp": "2025-04-26T23:53:28.824Z"
}