{
  "UserId": "4",
  "SliderValue": 1,
  "Score": "<>",
  "Houses": [
    {
      "Position": {
        "x": -0.32407429814338684,
        "y": -0.3518518805503845,
        "z": 0
      },
      "Rotation": {
        "x": 0,
        "y": 0,
        "z": 0,
        "w": 1
      }
    }
  ],
  "timestamp": "2025-04-26T23:52:29.931Z"
}